{"count":1,"self":180.6042368,"total":180.70171929999998,"children":{"InitializeActuators":{"count":2,"self":0.00099399999999999987,"total":0.00099399999999999987,"children":null},"InitializeSensors":{"count":2,"self":0.0020044999999999998,"total":0.0020044999999999998,"children":null},"AgentSendState":{"count":7649,"self":0.014521399999999999,"total":0.0305228,"children":{"CollectObservations":{"count":82,"self":0.00099969999999999985,"total":0.00099969999999999985,"children":null},"WriteActionMask":{"count":82,"self":0,"total":0,"children":null},"RequestDecision":{"count":82,"self":0.0150017,"total":0.0150017,"children":null}}},"DecideAction":{"count":7649,"self":0.0579537,"total":0.0579537,"children":null},"AgentAct":{"count":7649,"self":0.0050035999999999995,"total":0.0050035999999999995,"children":null}},"gauges":{"Paddle.CumulativeReward":{"count":2,"max":1.795001,"min":0.795002,"runningAverage":1.29500151,"value":0.795002,"weightedAverage":1.54500127}},"metadata":{"timer_format_version":"0.1.0","start_time_seconds":"1716207481","unity_version":"2022.3.14f1","command_line_arguments":"C:\\Program Files\\Unity\\Hub\\Editor\\2022.3.14f1\\Editor\\Unity.exe -projectpath C:\\UnityProjects\\Jam -useHub -hubIPC -cloudEnvironment production","communication_protocol_version":"1.5.0","com.unity.ml-agents_version":"3.0.0-exp.1","scene_name":"final","end_time_seconds":"1716207662"}}