{"count":1,"self":84.592985599999992,"total":84.9700692,"children":{"InitializeActuators":{"count":2,"self":0.0029920999999999997,"total":0.0029920999999999997,"children":null},"InitializeSensors":{"count":2,"self":0.0019944,"total":0.0019944,"children":null},"AgentSendState":{"count":3884,"self":0.011966599999999999,"total":0.0458658,"children":{"CollectObservations":{"count":1250,"self":0.0049869,"total":0.0049869,"children":null},"WriteActionMask":{"count":1250,"self":0.0019437999999999999,"total":0.0019437999999999999,"children":null},"RequestDecision":{"count":1250,"self":0.0269685,"total":0.0269685,"children":null}}},"DecideAction":{"count":3884,"self":0.30041799999999996,"total":0.30041799999999996,"children":null},"AgentAct":{"count":3884,"self":0.023821699999999998,"total":0.023821699999999998,"children":null}},"gauges":{"Paddle.CumulativeReward":{"count":38,"max":4.30901241,"min":-1.123,"runningAverage":0.7356327,"value":0.6329944,"weightedAverage":1.28260875}},"metadata":{"timer_format_version":"0.1.0","start_time_seconds":"1716218169","unity_version":"2022.3.14f1","command_line_arguments":"C:\\Program Files\\Unity\\Hub\\Editor\\2022.3.14f1\\Editor\\Unity.exe -projectpath C:\\Users\\CaptainKid\\My project\\Jam1 -useHub -hubIPC -cloudEnvironment production","communication_protocol_version":"1.5.0","com.unity.ml-agents_version":"3.0.0-exp.1","scene_name":"pause1","end_time_seconds":"1716218254"}}