{"count":1,"self":47.9200768,"total":48.0973909,"children":{"InitializeActuators":{"count":4,"self":0.00099969999999999985,"total":0.00099969999999999985,"children":null},"InitializeSensors":{"count":4,"self":0.0019703999999999998,"total":0.0019703999999999998,"children":null},"AgentSendState":{"count":2093,"self":0.0039977,"total":0.0219983,"children":{"CollectObservations":{"count":596,"self":0.004,"total":0.004,"children":null},"WriteActionMask":{"count":596,"self":0.0009992,"total":0.0009992,"children":null},"RequestDecision":{"count":596,"self":0.0130014,"total":0.0130014,"children":null}}},"DecideAction":{"count":2093,"self":0.14435589999999998,"total":0.14435589999999998,"children":null},"AgentAct":{"count":2093,"self":0.0059885999999999993,"total":0.0059885999999999993,"children":null}},"gauges":{"Paddle.CumulativeReward":{"count":22,"max":3.55300045,"min":-1.123,"runningAverage":0.3437269,"value":0.955000043,"weightedAverage":0.201411635}},"metadata":{"timer_format_version":"0.1.0","start_time_seconds":"1716210407","unity_version":"2022.3.14f1","command_line_arguments":"C:\\Program Files\\Unity\\Hub\\Editor\\2022.3.14f1\\Editor\\Unity.exe -projectpath C:\\UnityProjects\\Jam -useHub -hubIPC -cloudEnvironment production","communication_protocol_version":"1.5.0","com.unity.ml-agents_version":"3.0.0-exp.1","scene_name":"pong","end_time_seconds":"1716210455"}}