{"count":1,"self":1784.9663487999999,"total":1785.0998607,"children":{"InitializeActuators":{"count":2,"self":0.0031644999999999998,"total":0.0031644999999999998,"children":null},"InitializeSensors":{"count":2,"self":0.0019939,"total":0.0019939,"children":null},"AgentSendState":{"count":1467,"self":0.0039939,"total":0.0269347,"children":{"CollectObservations":{"count":148,"self":0.0019949,"total":0.0019949,"children":null},"WriteActionMask":{"count":148,"self":0.00099859999999999988,"total":0.00099859999999999988,"children":null},"RequestDecision":{"count":148,"self":0.019947299999999998,"total":0.019947299999999998,"children":null}}},"DecideAction":{"count":1467,"self":0.097400699999999993,"total":0.097400699999999993,"children":null},"AgentAct":{"count":1467,"self":0.0039945,"total":0.0039945,"children":null}},"gauges":{"Paddle.CumulativeReward":{"count":2,"max":2.632998,"min":0.6329944,"runningAverage":1.6329962,"value":0.6329944,"weightedAverage":2.132997}},"metadata":{"timer_format_version":"0.1.0","start_time_seconds":"1716164032","unity_version":"2022.3.14f1","command_line_arguments":"C:\\Program Files\\Unity\\Hub\\Editor\\2022.3.14f1\\Editor\\Unity.exe -projectpath C:\\Users\\CaptainKid\\My project\\Jam1 -useHub -hubIPC -cloudEnvironment production","communication_protocol_version":"1.5.0","com.unity.ml-agents_version":"3.0.0-exp.1","scene_name":"Snake","end_time_seconds":"1716165817"}}